e4e28de8ad3f826fe50a456217d11e9e6a80563b35871ac37845357628b95f6a,SHA-256
5c173df9e86e959c2eadcc3ef9897c8e1438b7a154c7c692d0fe054837530458,SHA-256
b1f191b1ee463679c7c2fa7db5a224b6759c5474b73a59be3e133a6825b2a284,SHA-256
19c84a2386abde0c0dae8661b394e53bf246f6f0f9a12d84cfc7864e4a809697,SHA-256
0251bececeffbf4bf90eaaad27c147bb023388817d9fbec1054fac1324c6f8bf,SHA-256
c612917d68803efbd2f0e960ade1662be9751096afe0fd81cee283c5a35e7618,SHA-256
6792324c1095458d6b78e92d5ae003a317fe3991d187447020d680e99d9b6129,SHA-256
091733658c7a32f4673415b11733ae729b87e2a2540c87d08ba9adf7bc62d7ed,SHA-256
5aaefc5b4fb1e1973832f44ba2d82a70106d3e8999680df6deed3570cd30fb97,SHA-256
32b9a33ad3d5a063cd4f08e0739a6ce1e11130532fd0b7e13a3a37edaf9893eb,SHA-256
17e6189c19dedea678969e042c64de2a51dd9fba69ff521571d63fd92e48601b,SHA-256
abca3253c003af67113f83df2242a7078d5224870b619489015e4fde060acad0,SHA-256
a2d3c41e6812044573a939a51a22d659ec32aea00c26c1a2fdf7466f5c7e1ee9,SHA-256
2e8d2525a523b0a47a22a1e9cc9219d6526840d8b819d40d24046b17db8ea3fb,SHA-256
82e67114d632795edf29ce1d50a4c1c444846d9e16cd121ce26e63c8dc4a162,SHA-256
90b0a4c9fe8fd0084a5d50ed781c7c8908f6ade44e5654acffea922e281c6b33,SHA-256
efaf52549ffcc8a16373a8f7f0bddebabc3edc17f71b0158bbaf89c1b29a6043,SHA-256
a0db8f8f13a27df1eacbc01505f311f6b14cf9b84fbc7e84cb764a13f001dbbb,SHA-256
9352625b3e6a3c998e328e11ad43efb5602fe669aed9c9388af5f55fadfedc78,SHA-256
fe948451df90df80c8028b969bf89ecbf501401e7879805667c134080976ce2e,SHA-256
e5980e18319027f0c28cd2f581e75e755a0dace72f10748852ba5f63a0c99487,SHA-256
eee4e3612af96b694e28e3794c4ee4af2579768e8ec6b21daf71acfc6e22d52b,SHA-256
82d6b2e14763f398d2a559d3f7fbf2f7a3c7f9001c8dcdf4543d4ff0b97a8785,SHA-256
636813038ba5c9755aa881ae62e2911df3b8f84ad1d2ff682e325e00d24d4a74,SHA-256
295c20d0f0a03fd8230098fade0af910b2c56e9e5700d4a3344d10c106a6ae2a,SHA-256
479cc0a490ffa98652683796c5cef12f3e6380107aac83321a9705048b801b54,SHA-256
4c5611d63fd78a2de9591d7b4d70c574d1f534a2aec86bb70bd49e60fafd54ea,SHA-256
a755eeede56cbce460138464bf79cacd,MD5
c3b9216936e2ed95dcf7bb7976455859,MD5
access-confirmation.com,Domain
allow-access.com,Domain
antibots-service.com,Domain
blueskynetwork-shared.com,Domain
botguard-checker.com,Domain
botguard-web.com,Domain
challenge-identifier.com,Domain
checker-bot.com,Domain
cija-docs.com,Domain
cloud-safety.online,Domain
cloud-us.online,Domain
dns-cache.online,Domain
dns-cookie.com,Domain
dns-mvd.ru,Domain
docs-web.online,Domain
drive-control.com,Domain
drive-globalordnance.com,Domain
drive-previewer.com,Domain
drive-us.online,Domain
dtgruelle-drive.com,Domain
dtgruelle-us.com,Domain
encompass-shared.com,Domain
filter-bot.com,Domain
goweb-protect.com,Domain
guard-checker.com,Domain
land-of-service.com,Domain
live-identifier.com,Domain
mvd-redir.ru,Domain
network-storage-ltd.com,Domain
nonviolent-conflict-service.com,Domain
proxycrioisolation.com,Domain
redir-document.com,Domain
response-filter.com,Domain
response-redir.com,Domain
sangrail-share.com,Domain
share-drive-ua.com,Domain
transfer-record.com,Domain
umopl-drive.com,Domain
cache-dns-forwarding.com,Domain
accounts.hypertexttech.com,Domain
hypertextteches.com,Domain
goo-link.online,Domain
goo-ink.online,Domain
strainservice.com,Domain
bloxholder.com,Domain
rebelthumb.net,Domain
wirexpro.com,Domain
oilycargo.com,Domain
telloo.io,Domain
https://hypertextteches.com/patrified.php,URL
https://accounts.hypertexttech.com/oOzMeNTe?FtC=DLOJmne17BQw5JRQ74YDgmHxR52d0Ng,URL
https://accounts.hypertexttech.com/signin/v2/identifier?passive=1209600&continue=https%3A%2F%2Faccounts.google.com%2F&followup=https%3A%2F%2Faccounts.google.com%2F&flowName=GlifWebSignIn&flowEntry=ServiceLogin,URL
https://accounts.hypertexttech.com/ServiceLogin?continue=https%3A%2F%2Faccounts.google.com%2F&flowEntry=ServiceLogin&flowName=GlifWebSignIn&followup=https%3A%2F%2Faccounts.google.com%2F&passive=1209600,URL
23.254.201.243,IP
45.66.248.9,IP
45.86.230.198,IP
45.153.229.79,IP
64.44.101.31,IP
77.91.126.16,IP
77.91.126.35,IP
77.91.126.46,IP
77.91.126.62,IP
77.91.126.64,IP
77.91.126.66,IP
77.91.126.69,IP
77.91.69.109,IP
85.239.53.210,IP
85.239.60.18,IP
85.239.61.49,IP
85.239.61.86,IP
138.124.187.143,IP
138.124.187.222,IP
142.11.209.171,IP
142.11.209.180,IP
142.11.210.53,IP
146.19.230.182,IP
146.59.102.76,IP
185.164.172.128,IP
185.164.172.220,IP
185.179.188.73,IP
185.179.189.32,IP
185.179.189.43,IP
185.179.189.45,IP
192.119.65.114,IP
192.119.97.190,IP
192.119.112.249,IP
192.129.154.225,IP
192.236.195.114,IP
192.236.193.194,IP
193.200.17.102,IP
195.246.110.45,IP
93.95.227.41,IP
89.147.108.182,IP
92.38.169.241,IP
138.124.187.128,IP
185.164.172.128,IP
37.9.35.62,IP
92.38.176.66,IP
45.41.240.51,IP
